{"report":{"modules":[{"name":"Animation","dependencies":[{"name":"AnimationClip","scenes":["Assets/_Scenes/Level1.unity","Assets/_Scenes/Level2.unity"],"dependencyType":0,"icon":null},{"name":"Animator","scenes":["Assets/_Scenes/Level1.unity","Assets/_Scenes/Level2.unity"],"dependencyType":0,"icon":null},{"name":"AnimatorController","scenes":["Assets/_Scenes/Level1.unity","Assets/_Scenes/Level2.unity"],"dependencyType":1,"icon":null},{"name":"AnimatorOverrideController","scenes":[],"dependencyType":0,"icon":null},{"name":"Motion","scenes":[],"dependencyType":1,"icon":null},{"name":"RuntimeAnimatorController","scenes":["Assets/_Scenes/Level1.unity","Assets/_Scenes/Level2.unity"],"dependencyType":0,"icon":null}]},{"name":"Audio","dependencies":[{"name":"AudioBehaviour","scenes":[],"dependencyType":1,"icon":null},{"name":"AudioClip","scenes":["Assets/_Scenes/Level1.unity","Assets/_Scenes/Level2.unity"],"dependencyType":0,"icon":null},{"name":"AudioListener","scenes":["Assets/_Scenes/Level1.unity","Assets/_Scenes/Level2.unity"],"dependencyType":0,"icon":null},{"name":"AudioManager","scenes":[],"dependencyType":1,"icon":null},{"name":"AudioSource","scenes":["Assets/_Scenes/Level1.unity","Assets/_Scenes/Level2.unity"],"dependencyType":0,"icon":null},{"name":"SampleClip","scenes":[],"dependencyType":1,"icon":null}]},{"name":"Core","dependencies":[{"name":"Behaviour","scenes":[],"dependencyType":1,"icon":null},{"name":"BuildSettings","scenes":[],"dependencyType":1,"icon":null},{"name":"Camera","scenes":["Assets/_Scenes/Level1.unity","Assets/_Scenes/Level2.unity"],"dependencyType":0,"icon":null},{"name":"Component","scenes":[],"dependencyType":1,"icon":null},{"name":"ComputeShader","scenes":[],"dependencyType":0,"icon":null},{"name":"Cubemap","scenes":[],"dependencyType":0,"icon":null},{"name":"CubemapArray","scenes":[],"dependencyType":0,"icon":null},{"name":"DelayedCallManager","scenes":[],"dependencyType":1,"icon":null},{"name":"EditorExtension","scenes":["Assets/_Scenes/Level1.unity","Assets/_Scenes/Level2.unity"],"dependencyType":1,"icon":null},{"name":"FlareLayer","scenes":["Assets/_Scenes/Level1.unity","Assets/_Scenes/Level2.unity"],"dependencyType":0,"icon":null},{"name":"GameManager","scenes":[],"dependencyType":1,"icon":null},{"name":"GameObject","scenes":["Assets/_Scenes/Level1.unity","Assets/_Scenes/Level2.unity"],"dependencyType":0,"icon":null},{"name":"GlobalGameManager","scenes":[],"dependencyType":1,"icon":null},{"name":"GraphicsSettings","scenes":[],"dependencyType":0,"icon":null},{"name":"InputManager","scenes":[],"dependencyType":1,"icon":null},{"name":"LevelGameManager","scenes":[],"dependencyType":1,"icon":null},{"name":"Light","scenes":["Assets/_Scenes/Level1.unity","Assets/_Scenes/Level2.unity"],"dependencyType":0,"icon":null},{"name":"LightmapSettings","scenes":["Assets/_Scenes/Level1.unity","Assets/_Scenes/Level2.unity"],"dependencyType":0,"icon":null},{"name":"LightProbes","scenes":["Assets/_Scenes/Level1.unity","Assets/_Scenes/Level2.unity"],"dependencyType":0,"icon":null},{"name":"LowerResBlitTexture","scenes":[],"dependencyType":0,"icon":null},{"name":"Material","scenes":["Assets/_Scenes/Level1.unity","Assets/_Scenes/Level2.unity"],"dependencyType":0,"icon":null},{"name":"Mesh","scenes":["Assets/_Scenes/Level1.unity","Assets/_Scenes/Level2.unity"],"dependencyType":0,"icon":null},{"name":"MeshFilter","scenes":["Assets/_Scenes/Level1.unity","Assets/_Scenes/Level2.unity"],"dependencyType":0,"icon":null},{"name":"MeshRenderer","scenes":["Assets/_Scenes/Level1.unity","Assets/_Scenes/Level2.unity"],"dependencyType":0,"icon":null},{"name":"MonoBehaviour","scenes":["Assets/_Scenes/Level1.unity","Assets/_Scenes/Level2.unity"],"dependencyType":0,"icon":null},{"name":"MonoManager","scenes":[],"dependencyType":1,"icon":null},{"name":"MonoScript","scenes":["Assets/_Scenes/Level1.unity","Assets/_Scenes/Level2.unity"],"dependencyType":1,"icon":null},{"name":"NamedObject","scenes":["Assets/_Scenes/Level1.unity","Assets/_Scenes/Level2.unity"],"dependencyType":1,"icon":null},{"name":"Object","scenes":["Assets/_Scenes/Level1.unity","Assets/_Scenes/Level2.unity"],"dependencyType":0,"icon":null},{"name":"PlayerSettings","scenes":[],"dependencyType":1,"icon":null},{"name":"PreloadData","scenes":[],"dependencyType":0,"icon":null},{"name":"QualitySettings","scenes":[],"dependencyType":0,"icon":null},{"name":"RectTransform","scenes":["Assets/_Scenes/Level1.unity","Assets/_Scenes/Level2.unity"],"dependencyType":0,"icon":null},{"name":"ReflectionProbe","scenes":[],"dependencyType":0,"icon":null},{"name":"Renderer","scenes":["Assets/_Scenes/Level1.unity","Assets/_Scenes/Level2.unity"],"dependencyType":0,"icon":null},{"name":"RenderSettings","scenes":["Assets/_Scenes/Level1.unity","Assets/_Scenes/Level2.unity"],"dependencyType":0,"icon":null},{"name":"RenderTexture","scenes":[],"dependencyType":0,"icon":null},{"name":"ResourceManager","scenes":[],"dependencyType":1,"icon":null},{"name":"RuntimeInitializeOnLoadManager","scenes":[],"dependencyType":1,"icon":null},{"name":"ScriptMapper","scenes":[],"dependencyType":1,"icon":null},{"name":"Shader","scenes":["Assets/_Scenes/Level1.unity","Assets/_Scenes/Level2.unity"],"dependencyType":0,"icon":null},{"name":"Skybox","scenes":["Assets/_Scenes/Level1.unity","Assets/_Scenes/Level2.unity"],"dependencyType":0,"icon":null},{"name":"Sprite","scenes":["Assets/_Scenes/Level1.unity","Assets/_Scenes/Level2.unity"],"dependencyType":0,"icon":null},{"name":"SpriteAtlas","scenes":[],"dependencyType":0,"icon":null},{"name":"SpriteRenderer","scenes":[],"dependencyType":0,"icon":null},{"name":"TagManager","scenes":[],"dependencyType":1,"icon":null},{"name":"TextAsset","scenes":[],"dependencyType":1,"icon":null},{"name":"Texture","scenes":["Assets/_Scenes/Level1.unity","Assets/_Scenes/Level2.unity"],"dependencyType":0,"icon":null},{"name":"Texture2D","scenes":["Assets/_Scenes/Level1.unity","Assets/_Scenes/Level2.unity"],"dependencyType":0,"icon":null},{"name":"Texture2DArray","scenes":[],"dependencyType":0,"icon":null},{"name":"Texture3D","scenes":[],"dependencyType":0,"icon":null},{"name":"TimeManager","scenes":[],"dependencyType":1,"icon":null},{"name":"TrailRenderer","scenes":["Assets/_Scenes/Level1.unity","Assets/_Scenes/Level2.unity"],"dependencyType":0,"icon":null},{"name":"Transform","scenes":["Assets/_Scenes/Level1.unity","Assets/_Scenes/Level2.unity"],"dependencyType":0,"icon":null},{"name":"Required by Animation Module","scenes":[],"dependencyType":2,"icon":"package/com.unity.modules.animation"},{"name":"Required by Audio Module","scenes":[],"dependencyType":2,"icon":"package/com.unity.modules.audio"},{"name":"Required by IMGUI Module","scenes":[],"dependencyType":2,"icon":"package/com.unity.modules.imgui"},{"name":"Required by InputLegacy Module","scenes":[],"dependencyType":2,"icon":"package/com.unity.modules.inputlegacy"},{"name":"Required by ParticleSystem Module","scenes":[],"dependencyType":2,"icon":"package/com.unity.modules.particlesystem"},{"name":"Required by Physics Module","scenes":[],"dependencyType":2,"icon":"package/com.unity.modules.physics"},{"name":"Required by TextRendering Module","scenes":[],"dependencyType":2,"icon":"package/com.unity.modules.textrendering"},{"name":"Required by UI Module","scenes":[],"dependencyType":2,"icon":"package/com.unity.modules.ui"},{"name":"Required by WebGL Module","scenes":[],"dependencyType":2,"icon":"package/com.unity.modules.webgl"}]},{"name":"IMGUI","dependencies":[]},{"name":"InputLegacy","dependencies":[{"name":"Required by IMGUI Module","scenes":[],"dependencyType":2,"icon":"package/com.unity.modules.imgui"}]},{"name":"ParticleSystem","dependencies":[{"name":"ParticleSystem","scenes":["Assets/_Scenes/Level1.unity","Assets/_Scenes/Level2.unity"],"dependencyType":0,"icon":null},{"name":"ParticleSystemRenderer","scenes":["Assets/_Scenes/Level1.unity","Assets/_Scenes/Level2.unity"],"dependencyType":0,"icon":null}]},{"name":"Physics","dependencies":[{"name":"BoxCollider","scenes":["Assets/_Scenes/Level1.unity","Assets/_Scenes/Level2.unity"],"dependencyType":0,"icon":null},{"name":"CapsuleCollider","scenes":["Assets/_Scenes/Level1.unity","Assets/_Scenes/Level2.unity"],"dependencyType":0,"icon":null},{"name":"CharacterController","scenes":["Assets/_Scenes/Level1.unity","Assets/_Scenes/Level2.unity"],"dependencyType":0,"icon":null},{"name":"Collider","scenes":["Assets/_Scenes/Level1.unity","Assets/_Scenes/Level2.unity"],"dependencyType":0,"icon":null},{"name":"PhysicMaterial","scenes":["Assets/_Scenes/Level1.unity","Assets/_Scenes/Level2.unity"],"dependencyType":0,"icon":null},{"name":"PhysicsManager","scenes":[],"dependencyType":1,"icon":null},{"name":"Rigidbody","scenes":["Assets/_Scenes/Level1.unity","Assets/_Scenes/Level2.unity"],"dependencyType":0,"icon":null},{"name":"SphereCollider","scenes":["Assets/_Scenes/Level1.unity","Assets/_Scenes/Level2.unity"],"dependencyType":0,"icon":null}]},{"name":"SharedInternals","dependencies":[{"name":"Required by Animation Module","scenes":[],"dependencyType":2,"icon":"package/com.unity.modules.animation"},{"name":"Required by Audio Module","scenes":[],"dependencyType":2,"icon":"package/com.unity.modules.audio"},{"name":"Required by Core Module","scenes":[],"dependencyType":2,"icon":"package/com.unity.modules.core"},{"name":"Required by IMGUI Module","scenes":[],"dependencyType":2,"icon":"package/com.unity.modules.imgui"},{"name":"Required by InputLegacy Module","scenes":[],"dependencyType":2,"icon":"package/com.unity.modules.inputlegacy"},{"name":"Required by ParticleSystem Module","scenes":[],"dependencyType":2,"icon":"package/com.unity.modules.particlesystem"},{"name":"Required by Physics Module","scenes":[],"dependencyType":2,"icon":"package/com.unity.modules.physics"},{"name":"Required by TextRendering Module","scenes":[],"dependencyType":2,"icon":"package/com.unity.modules.textrendering"},{"name":"Required by UI Module","scenes":[],"dependencyType":2,"icon":"package/com.unity.modules.ui"},{"name":"Required by WebGL Module","scenes":[],"dependencyType":2,"icon":"package/com.unity.modules.webgl"}]},{"name":"TextRendering","dependencies":[{"name":"Font","scenes":["Assets/_Scenes/Level1.unity","Assets/_Scenes/Level2.unity"],"dependencyType":0,"icon":null},{"name":"TextMesh","scenes":["Assets/_Scenes/Level1.unity","Assets/_Scenes/Level2.unity"],"dependencyType":0,"icon":null},{"name":"Required by IMGUI Module","scenes":[],"dependencyType":2,"icon":"package/com.unity.modules.imgui"},{"name":"Required by UI Module","scenes":[],"dependencyType":2,"icon":"package/com.unity.modules.ui"}]},{"name":"UI","dependencies":[{"name":"Canvas","scenes":["Assets/_Scenes/Level1.unity","Assets/_Scenes/Level2.unity"],"dependencyType":0,"icon":null},{"name":"CanvasGroup","scenes":[],"dependencyType":0,"icon":null},{"name":"CanvasRenderer","scenes":["Assets/_Scenes/Level1.unity","Assets/_Scenes/Level2.unity"],"dependencyType":0,"icon":null}]},{"name":"WebGL","dependencies":[{"name":"WebGL is always required","scenes":[],"dependencyType":3,"icon":"class/DefaultAsset"}]}]}}